<?xml version="1.0" encoding="utf-8" ?>
<introContent>
  	<extensionContent id="comtsqmplugin-introExtension" style="css/sample.css" name="Sample Extension" path="overview/@">
		<group style-id="content-group" id="comtsqmplugin-introLink-group">
       		<link label="TSQM Intro" url="http://www.eclipse.org" id="comtsqmplugin-introLink" style-id="content-link">
          		<text>This is the introduction page of TSQM Benchmark tool. Content goes here...</text>
       		</link>
       	</group>
  	</extensionContent>
</introContent>